firstname,lastname,username,password
Joseph,King,joseph.king,Pa$$w0rd123!
Owen,Perez,owen.perez,Pa$$w0rd123!
Elijah,Lee,elijah.lee,Pa$$w0rd123!
Harper,Allen,harper.allen,Pa$$w0rd123!
Sophia,Torres,sophia.torres,Pa$$w0rd123!
Hannah,Davis,hannah.davis,Pa$$w0rd123!
Henry,Williams,henry.williams,Pa$$w0rd123!
Alexander,Lee,alexander.lee,Pa$$w0rd123!
Joseph,Lewis,joseph.lewis,Pa$$w0rd123!
Evelyn,Nguyen,evelyn.nguyen,Pa$$w0rd123!
William,Perez,william.perez,Pa$$w0rd123!
Olivia,Garcia,olivia.garcia,Pa$$w0rd123!
Benjamin,Ramirez,benjamin.ramirez,Pa$$w0rd123!
Evelyn,Torres,evelyn.torres,Pa$$w0rd123!
Emma,Sanchez,emma.sanchez,Pa$$w0rd123!
Olivia,Hernandez,olivia.hernandez,Pa$$w0rd123!
Charlotte,Anderson,charlotte.anderson,Pa$$w0rd123!
Ella,Walker,ella.walker,Pa$$w0rd123!
Liam,White,liam.white,Pa$$w0rd123!
Josephine,Nguyen,josephine.nguyen,Pa$$w0rd123!
Amelia,Torres,amelia.torres,Pa$$w0rd123!
Samuel,Smith,samuel.smith,Pa$$w0rd123!
Noah,Perez,noah.perez,Pa$$w0rd123!
Layla,Harris,layla.harris,Pa$$w0rd123!
Zoe,King,zoe.king,Pa$$w0rd123!
Sophia,King,sophia.king,Pa$$w0rd123!
Mia,Lee,mia.lee,Pa$$w0rd123!
Michael,Wright,michael.wright,Pa$$w0rd123!
Lucas,Ramirez,lucas.ramirez,Pa$$w0rd123!
Scarlett,Harris,scarlett.harris,Pa$$w0rd123!
Layla,Williams,layla.williams,Pa$$w0rd123!
Harper,Williams,harper.williams,Pa$$w0rd123!
Lucas,Sanchez,lucas.sanchez,Pa$$w0rd123!
Olivia,Jones,olivia.jones,Pa$$w0rd123!
Joseph,Martinez,joseph.martinez,Pa$$w0rd123!
Madison,Young,madison.young,Pa$$w0rd123!
David,Hill,david.hill,Pa$$w0rd123!
Harper,Gonzalez,harper.gonzalez,Pa$$w0rd123!
Owen,Taylor,owen.taylor,Pa$$w0rd123!
Emma,Jones,emma.jones,Pa$$w0rd123!
Owen,Sanchez,owen.sanchez,Pa$$w0rd123!
Sophia,Ramirez,sophia.ramirez,Pa$$w0rd123!
Charlotte,Perez,charlotte.perez,Pa$$w0rd123!
Scarlett,Jones,scarlett.jones,Pa$$w0rd123!
Ava,King,ava.king,Pa$$w0rd123!
Hannah,Davis,hannah.davis,Pa$$w0rd123!
Liam,Wright,liam.wright,Pa$$w0rd123!
Madison,Thompson,madison.thompson,Pa$$w0rd123!
Matthew,Walker,matthew.walker,Pa$$w0rd123!
Benjamin,Torres,benjamin.torres,Pa$$w0rd123!
Abigail,Wilson,abigail.wilson,Pa$$w0rd123!
Matthew,Scott,matthew.scott,Pa$$w0rd123!
Hannah,Gonzalez,hannah.gonzalez,Pa$$w0rd123!
Samuel,Wright,samuel.wright,Pa$$w0rd123!
Alexander,Harris,alexander.harris,Pa$$w0rd123!
William,Hill,william.hill,Pa$$w0rd123!
Alexander,Lewis,alexander.lewis,Pa$$w0rd123!
Amelia,White,amelia.white,Pa$$w0rd123!
Harper,Martinez,harper.martinez,Pa$$w0rd123!
Scarlett,Ramirez,scarlett.ramirez,Pa$$w0rd123!
Alexander,White,alexander.white,Pa$$w0rd123!
Mia,King,mia.king,Pa$$w0rd123!
Harper,Johnson,harper.johnson,Pa$$w0rd123!
Henry,Robinson,henry.robinson,Pa$$w0rd123!
Michael,King,michael.king,Pa$$w0rd123!
Emma,Allen,emma.allen,Pa$$w0rd123!
John,Wilson,john.wilson,Pa$$w0rd123!
Liam,Scott,liam.scott,Pa$$w0rd123!
Aiden,Wilson,aiden.wilson,Pa$$w0rd123!
Scarlett,Anderson,scarlett.anderson,Pa$$w0rd123!
Ella,Garcia,ella.garcia,Pa$$w0rd123!
William,Lopez,william.lopez,Pa$$w0rd123!
Isabella,Thompson,isabella.thompson,Pa$$w0rd123!
Sophia,Taylor,sophia.taylor,Pa$$w0rd123!
David,Gonzalez,david.gonzalez,Pa$$w0rd123!
David,Jones,david.jones,Pa$$w0rd123!
Amelia,Taylor,amelia.taylor,Pa$$w0rd123!
Emily,Johnson,emily.johnson,Pa$$w0rd123!
Abigail,King,abigail.king,Pa$$w0rd123!
Michael,Ramirez,michael.ramirez,Pa$$w0rd123!
William,Martinez,william.martinez,Pa$$w0rd123!
David,Williams,david.williams,Pa$$w0rd123!
Grace,Wright,grace.wright,Pa$$w0rd123!
Noah,Nguyen,noah.nguyen,Pa$$w0rd123!
Joseph,Gonzalez,joseph.gonzalez,Pa$$w0rd123!
Liam,Perez,liam.perez,Pa$$w0rd123!
Samuel,Lopez,samuel.lopez,Pa$$w0rd123!
Scarlett,Thomas,scarlett.thomas,Pa$$w0rd123!
Ella,Harris,ella.harris,Pa$$w0rd123!
Benjamin,Torres,benjamin.torres,Pa$$w0rd123!
James,Jones,james.jones,Pa$$w0rd123!
Liam,Jones,liam.jones,Pa$$w0rd123!
John,Davis,john.davis,Pa$$w0rd123!
Abigail,Torres,abigail.torres,Pa$$w0rd123!
Evelyn,Torres,evelyn.torres,Pa$$w0rd123!
James,Gonzalez,james.gonzalez,Pa$$w0rd123!
Zoe,Sanchez,zoe.sanchez,Pa$$w0rd123!
Isabella,Garcia,isabella.garcia,Pa$$w0rd123!
Abigail,Brown,abigail.brown,Pa$$w0rd123!
Elijah,Johnson,elijah.johnson,Pa$$w0rd123!
William,Martinez,william.martinez,Pa$$w0rd123!
Noah,Brown,noah.brown,Pa$$w0rd123!
William,Davis,william.davis,Pa$$w0rd123!
Emily,Martin,emily.martin,Pa$$w0rd123!
Luna,Thompson,luna.thompson,Pa$$w0rd123!
David,Johnson,david.johnson,Pa$$w0rd123!
Abigail,Nguyen,abigail.nguyen,Pa$$w0rd123!
Mia,Wright,mia.wright,Pa$$w0rd123!
Joseph,Thomas,joseph.thomas,Pa$$w0rd123!
Henry,Martin,henry.martin,Pa$$w0rd123!
Layla,Lewis,layla.lewis,Pa$$w0rd123!
Matthew,Johnson,matthew.johnson,Pa$$w0rd123!
Olivia,Hernandez,olivia.hernandez,Pa$$w0rd123!
Benjamin,Allen,benjamin.allen,Pa$$w0rd123!
Lucas,Garcia,lucas.garcia,Pa$$w0rd123!
Josephine,Martinez,josephine.martinez,Pa$$w0rd123!
Abigail,Martinez,abigail.martinez,Pa$$w0rd123!
William,Rodriguez,william.rodriguez,Pa$$w0rd123!
John,Williams,john.williams,Pa$$w0rd123!
Harper,Allen,harper.allen,Pa$$w0rd123!
Sophia,Brown,sophia.brown,Pa$$w0rd123!
Joseph,Ramirez,joseph.ramirez,Pa$$w0rd123!
Grace,Lee,grace.lee,Pa$$w0rd123!
Owen,Harris,owen.harris,Pa$$w0rd123!
Zoe,Lee,zoe.lee,Pa$$w0rd123!
Liam,Hernandez,liam.hernandez,Pa$$w0rd123!
Alexander,Johnson,alexander.johnson,Pa$$w0rd123!
James,Lewis,james.lewis,Pa$$w0rd123!
Scarlett,Martinez,scarlett.martinez,Pa$$w0rd123!
Daniel,Hernandez,daniel.hernandez,Pa$$w0rd123!
Liam,Allen,liam.allen,Pa$$w0rd123!
Charlotte,Nguyen,charlotte.nguyen,Pa$$w0rd123!
Scarlett,Moore,scarlett.moore,Pa$$w0rd123!
Mia,Nguyen,mia.nguyen,Pa$$w0rd123!
Amelia,Harris,amelia.harris,Pa$$w0rd123!
David,Davis,david.davis,Pa$$w0rd123!
Sophia,Hill,sophia.hill,Pa$$w0rd123!
Henry,Ramirez,henry.ramirez,Pa$$w0rd123!
Elijah,Lewis,elijah.lewis,Pa$$w0rd123!
Amelia,Taylor,amelia.taylor,Pa$$w0rd123!
Joseph,Davis,joseph.davis,Pa$$w0rd123!
Daniel,Ramirez,daniel.ramirez,Pa$$w0rd123!
Henry,Wright,henry.wright,Pa$$w0rd123!
Isabella,Taylor,isabella.taylor,Pa$$w0rd123!
Josephine,Scott,josephine.scott,Pa$$w0rd123!
Michael,Robinson,michael.robinson,Pa$$w0rd123!
Ella,Martinez,ella.martinez,Pa$$w0rd123!
Layla,Jackson,layla.jackson,Pa$$w0rd123!
Madison,Moore,madison.moore,Pa$$w0rd123!
Matthew,Allen,matthew.allen,Pa$$w0rd123!
David,Garcia,david.garcia,Pa$$w0rd123!
Samuel,Martinez,samuel.martinez,Pa$$w0rd123!
Owen,Ramirez,owen.ramirez,Pa$$w0rd123!
Evelyn,Rodriguez,evelyn.rodriguez,Pa$$w0rd123!
Amelia,Jones,amelia.jones,Pa$$w0rd123!
Matthew,Brown,matthew.brown,Pa$$w0rd123!
Olivia,Lopez,olivia.lopez,Pa$$w0rd123!
Amelia,Nguyen,amelia.nguyen,Pa$$w0rd123!
Henry,Ramirez,henry.ramirez,Pa$$w0rd123!
Alexander,Miller,alexander.miller,Pa$$w0rd123!
Aiden,Garcia,aiden.garcia,Pa$$w0rd123!
Abigail,Davis,abigail.davis,Pa$$w0rd123!
Liam,Gonzalez,liam.gonzalez,Pa$$w0rd123!
Scarlett,Jackson,scarlett.jackson,Pa$$w0rd123!
Samuel,Miller,samuel.miller,Pa$$w0rd123!
Olivia,Brown,olivia.brown,Pa$$w0rd123!
Sebastian,Young,sebastian.young,Pa$$w0rd123!
Charlotte,Jackson,charlotte.jackson,Pa$$w0rd123!
Michael,Robinson,michael.robinson,Pa$$w0rd123!
Sebastian,Wright,sebastian.wright,Pa$$w0rd123!
Layla,Taylor,layla.taylor,Pa$$w0rd123!
William,Lee,william.lee,Pa$$w0rd123!
Joseph,Torres,joseph.torres,Pa$$w0rd123!
Ava,Young,ava.young,Pa$$w0rd123!
Josephine,Hill,josephine.hill,Pa$$w0rd123!
Harper,Lewis,harper.lewis,Pa$$w0rd123!
Amelia,Johnson,amelia.johnson,Pa$$w0rd123!
Zoe,Scott,zoe.scott,Pa$$w0rd123!
Layla,Wilson,layla.wilson,Pa$$w0rd123!
Amelia,Nguyen,amelia.nguyen,Pa$$w0rd123!
Layla,Walker,layla.walker,Pa$$w0rd123!
Charlotte,Miller,charlotte.miller,Pa$$w0rd123!
James,Garcia,james.garcia,Pa$$w0rd123!
Owen,Lopez,owen.lopez,Pa$$w0rd123!
Michael,Sanchez,michael.sanchez,Pa$$w0rd123!
Josephine,Taylor,josephine.taylor,Pa$$w0rd123!
Emily,Scott,emily.scott,Pa$$w0rd123!
Alexander,Smith,alexander.smith,Pa$$w0rd123!
Matthew,Jones,matthew.jones,Pa$$w0rd123!
Ella,Walker,ella.walker,Pa$$w0rd123!
Alexander,Lopez,alexander.lopez,Pa$$w0rd123!
Joseph,Nguyen,joseph.nguyen,Pa$$w0rd123!
Matthew,Harris,matthew.harris,Pa$$w0rd123!
Charlotte,Garcia,charlotte.garcia,Pa$$w0rd123!
David,Robinson,david.robinson,Pa$$w0rd123!
Noah,Martinez,noah.martinez,Pa$$w0rd123!
Elijah,Martinez,elijah.martinez,Pa$$w0rd123!
Evelyn,Wilson,evelyn.wilson,Pa$$w0rd123!
Benjamin,King,benjamin.king,Pa$$w0rd123!
Michael,Allen,michael.allen,Pa$$w0rd123!
